Azolla filiculoides,84609
Woodwardia fimbriata,29604
Sphaeropteris cooperi,49500
Pteridium aquilinum var. pubescens,104589
Dryopteris arguta,242175
Polystichum munitum,3279
Equisetum hyemale ssp. affine,232202
Equisetum laevigatum,223814
Equisetum telmateia ssp. braunii,232204
Ophioglossum californicum,1267209
Polypodium californicum,104286
Polypodium scouleri,38393
Adiantum aleuticum,412743
Adiantum capillus-veneris,13818
Adiantum jordanii,1073788
Aspidotis californica,164272
Myriopteris clevelandii,1518996
Myriopteris cooperae,1518997
Myriopteris newberryi,500416
Pellaea andromedifolia,37462
Pellaea mucronata var. mucronata,414657
Pentagramma triangularis ssp. triangularis,not found
Pentagramma triangularis ssp. viscosa,not found
Selaginella bigelovii,189548
Athyrium filix-femina var. cyclosorum,not found
Cystopteris fragilis,32112
Hesperocyparis macrocarpa,76352
Pinus muricata var. muricata,not found
Pinus pinea,3346
Pinus radiata,3347
Pinus torreyana ssp. insularis,638955
Agave americana,39510
Chlorogalum pomeridianum,50240
Allium lacunosum var. lacunosum,not found
Allium praecox,472425
Amaryllis belladonna,51432
Narcissus tazetta,54860
Lemna minor,4472
Zantedeschia aethiopica,69721
Washingtonia filifera,145714
Asparagus asparagoides,59054
Asparagus officinalis,4686
Asphodelus fistulosus,1497607
Bolboschoenus maritimus ssp. paludosus,76417
Carex barbarae,657467
Carex globosa,247942
Carex gracilior,314422
Carex harfordii,314423
Carex pansa,433002
Carex praegracilis,314455
Carex senta,657488
Carex subbracteata,314473
Carex triquetra,912521
Carex tumulicola,433015
Cyperus eragrostis,529430
Cyperus esculentus,1053340
Cyperus involucratus,76430
Cyperus odoratus,388568
Eleocharis macrostachya,753700
Isolepis cernua,76455
Schoenoplectus americanus,46335
Schoenoplectus californicus,110309
Schoenoplectus pungens var. longispicatus,1442358
Sisyrinchium bellum,915439
Juncus acutus ssp. leopoldii,not found
Juncus balticus ssp. ater,308395
Juncus bufonius,223656
Juncus effusus ssp. pacificus,not found
Juncus mexicanus,336228
Juncus patens,not found
Juncus phaeocephalus var. phaeocephalus,not found
Juncus textilis,not found
Juncus xiphioides,223684
Luzula subsessilis,630095
Calochortus albus,77336
Calochortus catalinae,254998
Calochortus luteus,134853
Calochortus splendens,255003
Lilium humboldtii ssp. ocellatum,84052
Toxicoscordion fremontii,164838
Epipactis gigantea,not found
Piperia cooperi,not found
Piperia elongata,not found
Piperia michaelii,not found
Piperia unalascensis,not found
Aegilops cylindrica,130456
Agrostis exarata,345915
Agrostis pallens,345919
Agrostis stolonifera,63632
Ammophila arenaria,96047
Andropogon glomeratus var. scabriglumis,not found
Aristida adscensionis,121766
Aristida ternipes var. gentilis,348266
Arundo donax,35708
Avena barbata,146530
Avena fatua,4499
Avena sativa,4498
Bothriochloa barbinodis,330580
Brachypodium distachyon,15368
Briza minor,37720
Bromus arizonicus,not found
Bromus berteroanus,254157
Bromus carinatus var. carinatus,not found
Bromus maritimus,not found
Bromus catharticus,52150
Bromus diandrus,37722
Bromus hordeaceus,52147
Bromus laevipes,254133
Bromus madritensis,468976
Bromus vulgaris,1617934
Calamagrostis rubescens,640614
Chloris virgata,314391
Cortaderia selloana,58286
Crypsis vaginiflora,433857
Crypsis alopecuroides,1532756
Cynodon dactylon,28909
Dactylis glomerata,4509
Danthonia californica,65975
Deschampsia danthonioides,335194
Desmazeria rigida,211937
Digitaria sanguinalis,121769
Dissanthelium californicum,1159244
Distichlis spicata,38594
Distichlis littoralis,160556
Echinochloa crus-galli,90397
Ehrharta calycina,38695
Ehrharta erecta,96049
Elymus glaucus ssp. glaucus,1154736
Elymus repens,52152
Elymus condensatus,435790
Elymus pacificus,not found
Elymus triticoides,86021
Festuca arundinacea,4606
Festuca perennis,4522
Festuca temulenta,34176
Festuca bromoides,200278
Festuca microstachys,391976
Festuca myuros,89686
Festuca octoflora,464087
Gastridium phleoides,not found
Hainardia cylindrica,211948
Hordeum brachyantherum ssp. californicum,37672
Hordeum depressum,58925
Hordeum intercedens,112520
Hordeum marinum ssp. gussoneanum,98114
Hordeum murinum ssp. glaucum,98113
Hordeum murinum ssp. leporinum,98112
Hordeum vulgare,4513
Koeleria macrantha,366481
Koeleria gerardii,not found
Lamarckia aurea,29682
Melica imperfecta,37726
Muhlenbergia appressa,751673
Muhlenbergia microsperma,798105
Parapholis incurva,211952
Paspalum dilatatum,313893
Paspalum distichum,547423
Pennisetum clandestinum,173850
Pennisetum setaceum,48735
Phalaris aquatica,28479
Phalaris canariensis,376798
Phalaris caroliniana,1108037
Phalaris lemmonii,1108038
Phalaris minor,222563
Phalaris paradoxa,446913
Poa annua,93036
Poa palustris,269377
Poa howellii,368369
Poa douglasii,not found
Poa secunda ssp. secunda,368387
Polypogon viridis,345913
Polypogon interruptus,not found
Polypogon monspeliensis,345912
Schismus arabicus,500268
Schismus barbatus,59908
Stenotaphrum secundatum,158163
Stipa diegoensis,860732
Stipa cernua,not found
Stipa lepida,666010
Stipa pulchra,796700
Stipa miliacea var. miliacea,52158
Triticum aestivum,4565
Potamogeton crispus,55318
Stuckenia pectinata,55444
Ruppia maritima,29652
Bloomeria crocea var. crocea,not found
Brodiaea jolonensis,112597
Brodiaea kinkiensis,not found
Dichelostemma capitatum ssp. capitatum,205720
Triteleia clementina,not found
Triteleia hyacinthina,158496
Typha angustifolia,59011
Typha domingensis,189386
Typha latifolia,4733
Zannichellia palustris,29654
Phyllospadix scouleri,403039
Phyllospadix torreyi,55486
Zostera marina,29655
Zostera pacifica,419131
Anemopsis californica,108407
Sambucus nigra ssp. caerulea,57006
Carpobrotus chilensis,142000
Carpobrotus edulis,379215
Delosperma litorale,1346866
Malephora crocea,not found
Mesembryanthemum crystallinum,3544
Mesembryanthemum nodiflorum,359585
Sesuvium verrucosum,115629
Tetragonia tetragonioides,45318
Amaranthus albus,124760
Amaranthus blitoides,124761
Amaranthus deflexus,1053327
Amaranthus powellii,158579
Malosma laurina,298675
Rhus integrifolia,298668
Rhus ovata,298670
Schinus molle,43851
Toxicodendron diversilobum,300207
Apiastrum angustifolium,not found
Apium graveolens,4045
Berula erecta,54827
Bowlesia incana,46376
Conium maculatum,13447
Daucus carota,4039
Daucus pusillus,79171
Foeniculum vulgare,48038
Lomatium caruifolium,not found
Lomatium insulare,not found
Sanicula arguta,71976
Sanicula crassicaulis,71979
Sanicula hoffmannii,71984
Torilis arvensis,79184
Torilis nodosa,40891
Yabea microcarpa,79195
Asclepias fascicularis,397857
Funastrum cynanchoides var. hartwegii,not found
Vinca major,185238
Achillea millefolium,13329
Achyrachaena mollis,149405
Acourtia microcephala,40565
Agoseris apargioides var. apargioides,not found
Agoseris grandiflora,161745
Agoseris heterophylla,19017
Amblyopappus pusillus,149407
Ambrosia acanthicarpa,not found
Ambrosia chamissonis,not found
Ambrosia psilostachya,29715
Anthemis cotula,158220
Arctium minus,143172
Argyranthemum frutescens,99032
Artemisia californica,86309
Artemisia douglasiana,1227621
Artemisia dracunculus,72341
Artemisia nesiotica,480632
Baccharis glutinosa,not found
Baccharis pilularis,not found
Baccharis plummerae ssp. plummerae,not found
Baccharis salicifolia,427666
Baccharis salicina,not found
Baccharis sarothroides,not found
Bahiopsis laciniata,191145
Blennosperma nanum var. nanum,not found
Brickellia californica,176615
Calendula officinalis,41496
Carduus pycnocephalus,143180
Centaurea benedicta,50282
Centaurea melitensis,41536
Centaurea solstitialis,347529
Centromadia fitchii,not found
Centromadia pungens,170370
Chaenactis glabriuscula var. lanosa,not found
Cichorium intybus,13427
Cirsium brevistylum,196706
Cirsium occidentale var. californicum,not found
Cirsium occidentale var. coulteri,not found
Cirsium occidentale var. occidentale,not found
Cirsium occidentale var. venustum,196733
Cirsium ochrocentrum,1407822
Cirsium undulatum,1234499
Cirsium vulgare,92907
Constancea nevinii,149418
Corethrogyne filaginifolia,71062
Cotula australis,457712
Cotula coronopifolia,174445
Crepis setosa,268029
Cynara cardunculus,4265
Deinandra clementina,425862
Deinandra fasciculata,149420
Deinandra increscens ssp. increscens,427075
Delairea odorata,18795
Encelia californica,183026
Ericameria ericoides,71043
Ericameria palmeri var. pachylepis,not found
Erigeron bonariensis,91242
Erigeron canadensis,72917
Erigeron foliosus var. foliosus,not found
Erigeron glaucus,91270
Erigeron sanctarum,not found
Eriophyllum confertiflorum var. confertiflorum,not found
Eriophyllum staechadifolium,149426
Eurybia radulina,481926
Euthamia occidentalis,199512
Gamochaeta ustulata,318055
Glebionis coronaria,99038
Gnaphalium palustre,1754128
Grindelia camporum,662482
Grindelia hirsutula,1114741
Grindelia stricta var. platyphylla,1114763
Hazardia cana,71054
Hazardia detonsa,147777
Hazardia squarrosa var. grindelioides,147803
Hedypnois cretica,268036
Helenium puberulum,not found
Helianthus annuus,4232
Helminthotheca echioides,174463
Hesperevax sparsiflora var. sparsiflora,not found
Heterotheca grandiflora,not found
Hieracium argutum,378941
Hypochaeris glabra,58647
Hypochaeris radicata,58656
Isocoma menziesii var. decumbens,not found
Isocoma menziesii var. menziesii,not found
Isocoma menziesii var. sedoides,not found
Isocoma menziesii var. vernonioides,147782
Jaumea carnosa,41592
Lactuca saligna,75948
Lactuca serriola,75943
Laennecia coulteri,not found
Lasthenia glabrata ssp. coulteri,182810
Lasthenia gracilis,182806
Layia platyglossa,511973
Lepidospartum squamatum,not found
Leptosyne gigantea,159663
Logfia arizonica,702218
Logfia filaginoides,702221
Logfia gallica,125729
Madia elegans,4255
Madia exigua,not found
Madia gracilis,not found
Madia sativa,149445
Malacothrix clevelandii,231811
Malacothrix coulteri,231815
Malacothrix foliosa ssp. crispifolia,657450
Malacothrix foliosa ssp. foliosa,657451
Malacothrix foliosa ssp. philbrickii,657452
Malacothrix foliosa ssp. polycephala,231966
Malacothrix incana,231809
Malacothrix indecora,657454
Malacothrix junakii,657455
Malacothrix saxatilis var. implicata,231963
Malacothrix saxatilis var. tenuifolia,657456
Malacothrix similis,657457
Malacothrix squalida,657459
Matricaria discoidea,883867
Matricaria occidentalis,not found
Micropus californicus var. californicus,not found
Microseris douglasii ssp. douglasii,not found
Microseris douglasii ssp. tenella,not found
Microseris douglasii ssp. platycarpha,not found
Microseris elegans,51945
Munzothamnus blairii,184940
Pentachaeta lyonii,1223280
Perityle emoryi,176562
Pluchea odorata,1548633
Pluchea sericea,41624
Pseudognaphalium beneolens,1442705
Pseudognaphalium biolettii,1442706
Pseudognaphalium californicum,857095
Pseudognaphalium luteoalbum,59425
Pseudognaphalium microcephalum,49080
Pseudognaphalium ramosissimum,1442710
Pseudognaphalium stramineum,not found
Psilocarphus brevissimus var. brevissimus,not found
Psilocarphus tenellus,1754181
Rafinesquia californica,184948
Senecio aphanactis,183620
Senecio flaccidus var. douglasii,98720
Senecio glomeratus,281181
Senecio lyonii,not found
Senecio vulgaris,76276
Silybum marianum,92921
Solidago velutina ssp. californica,not found
Sonchus asper,50193
Sonchus oleraceus,50207
Sonchus tenerrimus,255578
Stebbinsoseris heterocarpa,231838
Stephanomeria cichoriacea,184950
Stephanomeria diegensis,184951
Stephanomeria exigua ssp. coronaria,184954
Stephanomeria virgata ssp. virgata,184969
Stylocline gnaphaloides,not found
Symphyotrichum chilense,not found
Symphyotrichum subulatum,71035
Taraxacum erythrospermum,268104
Taraxacum officinale,50225
Thelesperma megapotamicum,153168
Tragopogon porrifolius,13731
Uropappus lindleyi,80677
Venegasia carpesioides,41659
Xanthium spinosum,1053410
Xanthium strumarium,318068
Batis maritima,4436
Berberis pinnata ssp. insularis,not found
Amsinckia intermedia,not found
Amsinckia menziesii,1213287
Amsinckia spectabilis var. spectabilis,255600
Cryptantha clevelandii,not found
Cryptantha intermedia var. intermedia,not found
Cryptantha leiocarpa,1213317
Cryptantha maritima,1213320
Johnstonella micromeres,1213321
Cryptantha microstachys,not found
Cryptantha muricata,1563372
Cryptantha traskiae,1213332
Cryptantha wigginsii,not found
Emmenanthe penduliflora var. penduliflora,79346
Eriodictyon traskiae ssp. traskiae,not found
Eucrypta chrysanthemifolia var. chrysanthemifolia,not found
Harpagonella palmeri,1288200
Heliotropium curassavicum var. oculatum,168364
Nama stenocarpum,79373
Nemophila menziesii,79376
Nemophila pedunculata,not found
Pectocarya linearis ssp. ferocula,not found
Pectocarya penicillata,1213337
Phacelia cicutaria var. hispida,1241244
Phacelia hubbyi,1241264
Phacelia distans,281504
Phacelia floribunda,not found
Phacelia grandiflora,79385
Phacelia insularis var. insularis,691950
Phacelia lyonii,not found
Phacelia ramosissima,79394
Phacelia viscida,691953
Pholistoma auritum var. auritum,not found
Pholistoma racemosum,not found
Plagiobothrys acanthocarpus,not found
Plagiobothrys canescens var. catalinensis,not found
Plagiobothrys collinus var. gracilis,not found
Plagiobothrys collinus var. californicus,not found
Athysanus pusillus,457780
Boechera hoffmannii,not found
Brassica nigra,3710
Brassica tournefortii,37661
Brassica rapa,3711
Cakile edentula,349956
Cakile maritima,220483
Capsella bursa-pastoris,3719
Cardamine californica,109594
Cardamine oligosperma,357223
Caulanthus lasiophyllus,154104
Descurainia pinnata,110556
Dithyrea maritima,1244070
Draba cuneifolia,95387
Erysimum ammophilum,not found
Erysimum cheiri,71232
Erysimum insulare,not found
Hirschfeldia incana,71354
Hornungia procumbens,153323
Lepidium didymum,398450
Lepidium draba,153317
Lepidium lasiocarpum,153342
Lepidium latipes,153344
Lepidium nitidum,153352
Lepidium oblongum,153353
Lepidium strictum,537166
Lepidium virginicum ssp. menziesii,not found
Lobularia maritima,226051
Nasturtium officinale,65948
Raphanus raphanistrum,109996
Raphanus sativus,3726
Sibara filifolia,446183
Sinapis arvensis,29728
Sisymbrium altissimum,71365
Sisymbrium irio,3730
Sisymbrium officinale,203582
Sisymbrium orientale,203583
Thysanocarpus conchuliferus,701441
Thysanocarpus curvipes,536437
Thysanocarpus laciniatus,701449
Tropidocarpum gracile,270114
Turritis glabra,63678
Bergerocactus emoryi,130103
Cylindropuntia prolifera,866986
Opuntia ficus-indica,371859
Opuntia littoralis,993096
Opuntia oricola,867496
Githopsis diffusa ssp. diffusa,not found
Lobelia dunnii,104596
Triodanis biflora,1241231
Lonicera hispidula,486673
Lonicera interrupta,566144
Lonicera subspicata var. denudata,not found
Lonicera subspicata var. subspicata,not found
Symphoricarpos mollis,709978
Cardionema ramosissimum,308177
Cerastium glomeratum,3580
Herniaria hirsuta var. cinerea,1137872
Loeflingia squarrosa,191451
Minuartia douglasii,644840
Polycarpon depressum,431018
Polycarpon tetraphyllum,115622
Sagina apetala,1053389
Sagina decumbens ssp. occidentalis,not found
Silene antirrhina,54821
Silene gallica,3575
Silene laciniata ssp. laciniata,403785
Silene coniflora,761501
Spergula arvensis,325515
Spergularia bocconi,not found
Spergularia macrotheca ssp. macrotheca,655171
Spergularia marina,191669
Spergularia villosa,not found
Stellaria media,13274
Stellaria nitens,1137912
Aphanisma blitoides,240026
Arthrocnemum subterminale,1151090
Atriplex argentea ssp. expansa,not found
Extriplex californica,880710
Atriplex canescens var. canescens,not found
Atriplex coulteri,not found
Atriplex lentiformis,89475
Atriplex leucophylla,880669
Atriplex pacifica,not found
Atriplex patula,3551
Atriplex prostrata,190330
Atriplex rosea,3552
Atriplex semibaccata,417609
Atriplex serenana var. davidsonii,not found
Atriplex serenana var. serenana,912161
Atriplex watsonii,912162
Bassia hyssopifolia,224140
Beta vulgaris ssp. maritima,350892
Chenopodium berlandieri,345311
Chenopodium californicum,1072210
Chenopodium murale,46091
Dysphania ambrosioides,330163
Dysphania multifida,1072223
Monolepis nuttalliana,240013
Salicornia depressa,549776
Salicornia pacifica,549776
Salsola australis,151240
Salsola tragus,355937
Suaeda calceoliformis,381272
Suaeda taxifolia,381276
Helianthemum greenei,not found
Helianthemum scoparium,not found
Peritoma arborea,171228
Calystegia macrostegia ssp. amplissima,not found
Calystegia macrostegia ssp. cyclostegia,1428832
Calystegia macrostegia ssp. intermedia,not found
Calystegia macrostegia ssp. macrostegia,not found
Calystegia malacophylla ssp. pedicellata,1428834
Calystegia soldanella,136204
Convolvulus arvensis,4123
Convolvulus simulans,1428934
Cressa truxillensis,197373
Cuscuta californica,437244
Cuscuta campestris,132261
Cuscuta occidentalis,437282
Cuscuta pacifica var. pacifica,437299
Dichondra occidentalis,197376
Ipomoea cairica,129201
Cornus glabrata,367344
Crassula aquatica,not found
Crassula connata,not found
Crassula ovata,not found
Dudleya blochmaniae ssp. blochmaniae,1289435
Dudleya blochmaniae ssp. insularis,1289436
Dudleya caespitosa,not found
Dudleya candelabrum,91085
Dudleya greenei,91086
Dudleya gnoma,1311266
Dudleya nesiotica,1311267
Dudleya traskiae,1311268
Dudleya virens ssp. hassei,1311269
Dudleya virens ssp. insularis,1289465
Dudleya virens ssp. virens,1289466
Crossosoma californicum,23043
Cucurbita foetidissima,184136
Marah fabacea,329128
Marah macrocarpa,48242
Arbutus menziesii,82758
Arctostaphylos catalinae,143364
Arctostaphylos confertiflora,659540
Arctostaphylos insularis,659548
Arctostaphylos crustacea ssp. insulicola,659571
Arctostaphylos crustacea ssp. subcordata,659573
Arctostaphylos viridissima,143386
Comarostaphylis diversifolia ssp. planifolia,not found
Vaccinium ovatum,84019
Xylococcus bicolor,84021
Euphorbia maculata,216479
Euphorbia serpens,1046511
Euphorbia serpyllifolia,932095
Croton setigerus,316793
Euphorbia crenulata,1449365
Euphorbia misera,212939
Euphorbia peplus,38846
Euphorbia spathulata,212983
Ricinus communis,3988
Stillingia linearifolia,not found
Acacia cyclops,546665
Acacia decurrens,205044
Acacia dealbata,205042
Acacia melanoxylon,138028
Acmispon americanus var. americanus,100151
Acmispon argophyllus var. adsurgens,1159232
Acmispon argophyllus var. argenteus,1159233
Acmispon argophyllus var. niveus,1159235
Acmispon brachycarpus,390700
Acmispon dendroideus var. dendroideus,118916
Acmispon dendroideus var. veatchii,1159237
Acmispon dendroideus var. traskiae,871578
Acmispon grandiflorus var. grandiflorus,not found
Acmispon heermannii,1240362
Acmispon maritimus var. maritimus,118925
Acmispon micranthus,1394523
Acmispon parviflorus,390702
Acmispon strigosus,118928
Acmispon wrangelianus,118929
Albizia lophantha,72371
Astragalus curtipes,not found
Astragalus didymocarpus var. didymocarpus,49037
Astragalus gambelianus,not found
Astragalus miguelensis,not found
Astragalus nevinii,not found
Astragalus traskiae,not found
Astragalus trichopodus var. lonchus,not found
Astragalus trichopodus var. trichopodus,1679031
Caesalpinia spinosa,191904
Coronilla valentina,118893
Genista linifolia,175406
Genista monspessulana,49848
Lathyrus odoratus,3859
Lathyrus tingitanus,3862
Lathyrus vestitus var. alefeldii,not found
Lathyrus vestitus var. vestitus,not found
Lotus corniculatus,47247
Lupinus albifrons var. douglasii,749239
Lupinus arboreus,3872
Lupinus bicolor,53238
Lupinus chamissonis,377323
Lupinus concinnus,61074
Lupinus guadalupensis,377326
Lupinus hirsutissimus,61109
Lupinus microcarpus,53231
Lupinus succulentus,53242
Lupinus truncatus,377344
Lupinus variicolor,749253
Medicago polymorpha,47084
Medicago sativa,3879
Melilotus albus,47082
Melilotus indicus,200951
Pickeringia montana var. montana,1151076
Pisum sativum,3888
Robinia pseudoacacia,35938
Spartium junceum,49843
Trifolium albopurpureum,74502
Trifolium barbigerum,361890
Trifolium ciliolatum,74511
Trifolium depauperatum var. amplectens,not found
Trifolium depauperatum var. truncatum,not found
Trifolium fucatum,361916
Trifolium gracilentum,74515
Trifolium hirtum,60915
Trifolium macraei,361937
Trifolium microcephalum,200957
Trifolium microdon,361942
Trifolium palmeri,361921
Trifolium repens,3899
Trifolium variegatum var. major,not found
Trifolium willdenovii,200959
Vicia americana,200966
Vicia benghalensis,154497
Vicia hassei,not found
Vicia ludoviciana ssp. ludoviciana,not found
Vicia sativa ssp. nigra,3909
Vicia sativa ssp. sativa,1042228
Vicia villosa,3911
Quercus agrifolia var. agrifolia,not found
Quercus chrysolepis,97695
Quercus douglasii,465759
Quercus engelmannii,97696
Quercus kelloggii,97698
Quercus lobata,97700
Quercus ×macdonaldii,not found
Quercus pacifica,1266344
Quercus parvula var. parvula,not found
Quercus tomentella,60424
Frankenia salina,194574
Garrya veatchii,1197922
Zeltnera davyi,not found
Zeltnera venusta,172079
California macrophylla,337344
Erodium botrys,337357
Erodium brachycarpum,337358
Erodium cicutarium,301481
Erodium moschatum,337392
Erodium texanum,28960
Geranium carolinianum,554690
Geranium dissectum,326028
Geranium molle,581251
Pelargonium ×hortorum,not found
Pelargonium peltatum,122192
Ribes malvaceum var. malvaceum,175212
Ribes viburnifolium,175235
Ribes thacherianum,175231
Juglans californica,91212
Juglans regia,51240
Clinopodium douglasii,751793
Lamium amplexicaule,53160
Lepechinia fragrans,268882
Marrubium vulgare,41230
Mentha aquatica,190902
Mentha spicata,29719
Nepeta cataria,39347
Salvia apiana,392646
Salvia brandegeei,268892
Salvia columbariae,95165
Salvia leucophylla,392670
Salvia mellifera,392671
Scutellaria tuberosa,not found
Stachys rigida var. rigida,1348763
Stachys bullata,193334
Trichostema lanceolatum,201523
Hesperolinon micranthum,467609
Mentzelia affinis,642089
Mentzelia micrantha,228051
Ammannia robusta,1441980
Lythrum californicum,not found
Lythrum hyssopifolia,22511
Alcea rosea,65557
Eremalche exilis,173483
Malva assurgentiflora,145749
Malacothamnus clementinus,not found
Malacothamnus fasciculatus var. catalinensis,not found
Malacothamnus fasciculatus var. nesioticus,not found
Malva pseudolavatera,1053369
Malva nicaeensis,108536
Malva parviflora,145753
Malvella leprosa,1441990
Sidalcea malviflora ssp. malviflora,148927
Calandrinia breweri,107582
Calandrinia menziesii,339177
Cistanthe maritima,339209
Claytonia parviflora ssp. parviflora,313208
Claytonia perfoliata ssp. mexicana,384549
Claytonia perfoliata ssp. perfoliata,not found
Montia fontana,313220
Ficus carica,3494
Lysimachia arvensis,4337
Lysimachia minima,306292
Eucalyptus camaldulensis,34316
Eucalyptus cladocalyx,452569
Eucalyptus globulus,34317
Eucalyptus polyanthemos,183847
Eucalyptus sideroxylon,1541731
Eucalyptus tereticornis,183855
Abronia latifolia,not found
Abronia maritima,not found
Abronia umbellata,363197
Mirabilis laevis var. crassifolia,not found
Olea europaea,4146
Camissonia strigulosa,1267511
Camissoniopsis cheiranthifolia ssp. cheiranthifolia,not found
Camissoniopsis cheiranthifolia ssp. suffruticosa,not found
Camissoniopsis guadalupensis ssp. clementina,not found
Camissoniopsis hirtella,82154
Camissoniopsis ignota,not found
Camissoniopsis intermedia,not found
Camissoniopsis micrantha,1394143
Camissoniopsis robusta,not found
Clarkia davyi,not found
Clarkia epilobioides,145959
Clarkia prostrata,not found
Clarkia purpurea ssp. quadrivulnera,not found
Clarkia unguiculata,3937
Epilobium brachycarpum,29754
Epilobium canum ssp. angustifolium,not found
Epilobium canum ssp. canum,not found
Epilobium ciliatum ssp. ciliatum,not found
Eulobus californicus,238249
Ludwigia peploides ssp. peploides,1450662
Oenothera xenogaura,238268
Oenothera sinuosa,260697
Oenothera elata ssp. hirsutissima,not found
Castilleja affinis ssp. affinis,428852
Castilleja attenuata,428859
Castilleja densiflora,428867
Castilleja exserta,374699
Castilleja foliolosa,not found
Castilleja grisea,not found
Castilleja hololeuca,not found
Castilleja mollis,not found
Kopsiopsis strobilacea,46069
Orobanche bulbosa,not found
Orobanche californica ssp. grandis,not found
Orobanche fasciculata,48537
Orobanche parishii ssp. brachyloba,not found
Orobanche uniflora,86095
Oxalis articulata ssp. rubra,519125
Oxalis californica,not found
Oxalis corniculata,212256
Oxalis pes-caprae,53809
Dendromecon harfordii,1171687
Ehrendorferia ochroleuca,1549784
Eschscholzia californica,3467
Eschscholzia ramosa,1171704
Meconella denticulata,not found
Papaver californicum,74822
Papaver heterophyllum,72194
Papaver somniferum,3469
Platystemon californicus,56860
Romneya coulteri,56862
Diplacus aurantiacus,68869
Diplacus parviflorus,270955
Diplacus longiflorus,270957
Diplacus brevipes,188298
Diplacus puniceus,270958
Erythranthe cardinalis,188299
Erythranthe floribundus,188303
Erythranthe guttatus,4155
Diplacus brandegeei,not found
Diplacus traskiae,not found
Pittosporum undulatum,23131
Antirrhinum kelloggii,69907
Antirrhinum multiflorum,192253
Antirrhinum nuttallianum ssp. subsessile,not found
Callitriche marginata,119591
Collinsia heterophylla var. heterophylla,69908
Gambelia speciosa,90356
Keckiella cordifolia,155435
Kickxia elatine,105588
Linaria bipartita,1070244
Nuttallanthus texanus,309345
Veronica anagallis-aquatica,74693
Plantago coronopus,101996
Plantago elongata,223177
Plantago erecta,197803
Plantago lanceolata,39414
Plantago major,29818
Plantago maritima,197809
Plantago ovata var. insularis,not found
Plantago subnuda,941699
Platanus racemosa,111540
Armeria maritima ssp. californica,218587
Limonium californicum,not found
Limonium perezii,not found
Limonium sinuatum,70371
Allophyllum glutinosum,133167
Eriastrum filifolium,1570933
Gilia achilleifolia ssp. multicaulis,61917
Gilia angelensis,40767
Gilia capitata ssp. abrotanifolia,40771
Gilia clivorum,63444
Gilia nevinii,108247
Gilia tenuiflora ssp. hoffmannii,not found
Leptosiphon bicolor,91539
Leptosiphon parviflorus,91552
Leptosiphon pygmaeus ssp. pygmaeus,not found
Linanthus dianthiflorus,64424
Navarretia atractyloides,53754
Navarretia hamata ssp. leptantha,53783
Polygala californica,247874
Chorizanthe staticoides,1214338
Chorizanthe wheeleri,not found
Eriogonum arborescens,429193
Eriogonum cinereum,1214297
Eriogonum fasciculatum var. fasciculatum,not found
Eriogonum fasciculatum var. polifolium,1214396
Eriogonum giganteum var. compactum,1096716
Eriogonum giganteum var. formosum,not found
Eriogonum giganteum var. giganteum,not found
Eriogonum grande var. grande,1214434
Eriogonum grande var. rubescens,not found
Eriogonum grande var. timorum,not found
Lastarriaea coriacea,1214382
Persicaria amphibia,254780
Persicaria lapathifolia,430754
Polygonum argyrocoleon,701370
Polygonum aviculare ssp. depressum,701369
Pterostegia drymarioides,655510
Rumex acetosella,61450
Rumex conglomeratus,242534
Rumex crispus,174649
Rumex fueginus,467604
Rumex obtusifolius,3619
Rumex pulcher,291098
Rumex salicifolius,1234504
Portulaca oleracea,46147
Primula clevelandii ssp. insularis,272094
Clematis lasiantha,231652
Clematis ligusticifolia,3454
Clematis pauciflora,not found
Delphinium parryi ssp. maritimum,not found
Delphinium parryi ssp. parryi,not found
Delphinium variegatum ssp. kinkiense,not found
Delphinium variegatum ssp. thornei,not found
Ranunculus californicus,568536
Ranunculus hebecarpus,not found
Oligomeris linifolia,265230
Reseda odorata,415819
Ceanothus arboreus,73671
Ceanothus megacarpus var. insularis,73694
Ceanothus megacarpus var. megacarpus,73695
Frangula californica ssp. californica,not found
Rhamnus pirifolia,935872
Adenostoma fasciculatum var. fasciculatum,not found
Adenostoma fasciculatum var. prostratum,not found
Aphanes occidentalis,not found
Cercocarpus betuloides var. betuloides,not found
Cercocarpus betuloides var. blancheae,not found
Cercocarpus traskiae,not found
Cotoneaster pannosus,143397
Drymocallis glandulosa,457911
Heteromeles arbutifolia,36612
Holodiscus discolor,32230
Lyonothamnus floribundus ssp. aspleniifolius,not found
Lyonothamnus floribundus ssp. subsp.,not found
Potentilla anserina ssp. pacifica,654648
Poterium sanguisorba,137456
Prunus ilicifolia ssp. lyonii,140655
Rosa californica,74641
Rubus ursinus,75100
Galium angustifolium ssp. foliosum,not found
Galium angustifolium ssp. angustifolium,715661
Galium aparine,29788
Galium buxifolium,not found
Galium californicum ssp. flaccidum,792605
Galium californicum ssp. miguelense,not found
Galium catalinense ssp. acrispum,571381
Galium catalinense ssp. catalinense,not found
Galium nuttallii ssp. insulare,not found
Galium parisiense,29796
Galium porrigens var. porrigens,not found
Ruta chalepensis,452790
Populus fremontii ssp. fremontii,not found
Populus trichocarpa,3694
Salix exigua,77062
Salix gooddingii,543634
Salix laevigata,688343
Salix lasiandra var. lasiandra,40009
Salix lasiolepis,1455567
Acer macrophyllum,66211
Heuchera maxima,100309
Jepsonia malvifolia,not found
Lithophragma affine,40793
Lithophragma cymbalaria,100312
Lithophragma maximum,100315
Micranthes californica,90598
Myoporum laetum,577428
Scrophularia californica,46031
Scrophularia villosa,942084
Verbascum thapsus,39388
Datura wrightii,434267
Lycium brevipes,127632
Lycium californicum,112867
Lycium fremontii,127635
Lycium verrucosum,not found
Lycopersicum esculentum,4081
Nicotiana clevelandii,81866
Nicotiana glauca,4090
Nicotiana quadrivalvis,278839
Calibrachoa parviflora,352208
Solanum americanum,109975
Solanum douglasii,1807822
Solanum elaeagnifolium,115664
Solanum wallacei,45841
Tamarix aphylla,189786
Tamarix chinensis,189791
Tamarix parviflora,189801
Tamarix ramosissima,189803
Samolus parviflorus,1081845
Tropaeolum majus,4020
Ulmus xhollandica,not found
Hesperocnide tenella,194267
Parietaria hespera,not found
Soleirolia soleirolii,1053382
Urtica dioica ssp. holosericea,1435577
Urtica urens,473050
Centranthus ruber,42332
Plectritis ciliosa,not found
Phyla nodiflora,222877
Verbena bracteata,39417
Verbena lasiostachys var. lasiostachys,not found
Verbena lasiostachys var. scabrida,not found
Viola pedunculata,not found
Vitis girdiana,754098
Tribulus terrestris,210369
